Open,Close,High,Low,Volume,Date
2330.41,2328.69,2337.11,2327.99,,01/06/25
2322.13,2330,2335.28,2317.01,,01/03/25
2320.45,2323.72,2333.26,2316.43,,01/02/25
2334.17,2320.36,2334.2,2312.32,,12/30/24
2331.08,2334.92,2341.88,2331,,12/27/24
2301.48,2325.72,2328.67,2301.45,,12/23/24
2296.7,2303.28,2315.61,2295.36,,12/20/24
2318.88,2295.04,2319.07,2290.24,,12/19/24
2328.1,2322.45,2338.54,2320.29,,12/18/24
2343.21,2327.72,2348.62,2327.1,,12/17/24
2359.46,2343.52,2364.82,2340.45,,12/16/24
2355.47,2356.85,2364.62,2351.98,,12/13/24
2353.4,2356.52,2363.34,2347.86,,12/12/24
2347,2352.59,2356.56,2341.35,,12/11/24
2340.58,2348.12,2349.02,2333.17,,12/10/24
2319.91,2340.92,2354.57,2319.91,,12/09/24
2313.38,2315.3,2329.32,2297.22,,12/06/24
2307.23,2313.99,2321.11,2304.69,,12/05/24
2265.67,2304.66,2306.94,2260.77,,12/04/24
2274.68,2267.09,2292.24,2263.78,,12/03/24
2259.19,2274.47,2283.86,2256.41,,12/02/24
2283.48,2261.55,2286.36,2261.55,,11/29/24
2315.28,2282.15,2318.79,2279.38,,11/28/24
2331.69,2315.59,2342.65,2307.19,,11/27/24
2305.32,2331.01,2334.13,2304.42,,11/26/24
2314.65,2307.8,2316.39,2303.34,,11/25/24
2310.97,2313.9,2318.24,2301.51,,11/22/24
2305.18,2311.86,2319.86,2294.15,,11/21/24
2284.64,2307.52,2314.67,2284.64,,11/20/24
2329.08,2288.37,2333.36,2276.77,,11/19/24
2309.86,2329.4,2335.42,2306.95,,11/18/24
2311.24,2308.71,2317.68,2306.97,,11/15/24
2292.85,2310.61,2318.98,2292.85,,11/14/24
2276.76,2290.35,2296.7,2272.26,,11/13/24
2257.36,2276.45,2285.16,2256.37,,11/12/24
2246.67,2258.04,2264.52,2246.61,,11/11/24
2246.35,2250.73,2255.31,2246.07,,11/08/24
2213.97,2248.01,2253.25,2213.97,,11/07/24
2172.64,2209.21,2211.84,2172.32,,11/06/24
2169.91,2178.85,2184.35,2169.91,,11/05/24
2189.74,2171.47,2200.48,2170.22,,11/04/24
2189.06,2189.58,2190.6,2184.75,,11/01/24
2181.18,2188.19,2194.8,2179.19,,10/31/24
2187.02,2182.07,2191.86,2179.49,,10/30/24
2184.06,2188.05,2195.84,2183.6,,10/29/24
2186.88,2183.06,2194.58,2181.49,,10/28/24
2178.28,2188.32,2195.51,2177.96,,10/25/24
2187.01,2180.39,2194.85,2180.39,,10/24/24
2187.03,2184.89,2189.94,2184.15,,10/23/24
2192.64,2189.6,2204.96,2188.38,,10/22/24
2195.64,2191.01,2203.52,2190.69,,10/21/24
2198.58,2197.83,2206.54,2197.23,,10/18/24
2209.63,2197.66,2215.05,2197.5,,10/17/24
2203.74,2208.53,2211.56,2200.97,,10/16/24
2196.47,2204.66,2209,2195.46,,10/15/24
2192.17,2196.85,2203.57,2192.17,,10/14/24
2185.84,2190.45,2196.3,2181.49,,10/11/24
2186.15,2187.01,2193.05,2175.64,,10/10/24
2181.55,2187.12,2193.71,2180.04,,10/09/24
2176.09,2180.77,2188.25,2163.94,,10/08/24
2164.2,2175.22,2175.56,2160.85,,10/07/24
2152.63,2164.25,2167.21,2149.28,,10/04/24
2158.95,2153.14,2164.37,2148.21,,10/03/24
2185.77,2156.06,2188.24,2156.02,,10/02/24
2191.99,2185.58,2199.15,2181.8,,10/01/24
2207.28,2191.71,2214.95,2191.52,,09/30/24
2216.8,2207.66,2222.21,2207.66,,09/27/24
2211.84,2217.76,2221.97,2211.74,,09/26/24
2201.7,2211.37,2211.52,2196.04,,09/25/24
2193.15,2201.47,2206.47,2193.15,,09/24/24
2202.49,2192.82,2203.09,2191.63,,09/23/24
2198.09,2201.41,2202.25,2189.74,,09/20/24
2186.65,2198.11,2198.4,2186.21,,09/19/24
2191.22,2187.45,2196.65,2186.44,,09/18/24
2195.45,2190.84,2199.03,2190.66,,09/17/24
2193.98,2196.61,2199.98,2185.74,,09/16/24
2180.71,2193.23,2195.94,2180.69,,09/13/24
2163.64,2180.29,2183,2163.49,,09/12/24
2165.85,2163.35,2170.18,2155.88,,09/11/24
2170.12,2165.54,2179.68,2164.46,,09/10/24
2175.61,2170.49,2184.19,2166.64,,09/09/24
2193.27,2175.57,2193.51,2171.71,,09/06/24
2193.61,2193.3,2196.69,2186.47,,09/05/24
2199.37,2193.92,2199.44,2185.52,,09/04/24
2216.02,2199.5,2217.42,2197.69,,09/03/24
2208.42,2217.27,2218.2,2205.68,,09/02/24
2208.36,2209.32,2217.41,2205.45,,08/30/24
2200.4,2207.5,2209.18,2197.78,,08/29/24
2215.01,2198.96,2215.63,2194.61,,08/28/24
2217.28,2214.84,2217.44,2202.72,,08/27/24
2207.06,2217.33,2218.14,2198.79,,08/26/24
2211.51,2210.02,2220.01,2201.27,,08/23/24
2205.85,2211.17,2212.22,2202.04,,08/22/24
2185.17,2206.09,2209.69,2184.38,,08/21/24
2179.65,2186.1,2188.36,2179.46,,08/20/24
2173.75,2178.6,2183.94,2170.92,,08/19/24
2144.56,2171.98,2173.26,2144.56,,08/16/24
2145.3,2144.07,2151.96,2143.19,,08/15/24
2143.39,2146.38,2151.66,2137.77,,08/14/24
2152.21,2142.61,2162.12,2142.52,,08/13/24
2144.88,2150.96,2153.42,2137.41,,08/12/24
2138.68,2143.51,2152.05,2138.68,,08/09/24
2133.79,2138.5,2140.14,2118.19,,08/08/24
2100.97,2132.25,2137.63,2100.97,,08/07/24
2090.55,2100.86,2130.76,2090.46,,08/06/24
2155.68,2090.2,2155.68,2068.87,,08/05/24
2201.76,2158.45,2201.97,2157.74,,08/02/24
2219.42,2202.25,2222.1,2201.13,,08/01/24
2200.89,2221.62,2221.62,2200.89,,07/31/24
2200,2202.13,2218.92,2197.6,,07/30/24
2189.39,2202.85,2209.99,2188.68,,07/29/24
2179.66,2190.13,2198.53,2177.49,,07/26/24
2189.61,2178.76,2189.61,2172.74,,07/25/24
2212.47,2191.15,2215.35,2191.15,,07/24/24
2228.38,2212.57,2234.07,2208.65,,07/23/24
2222.58,2229.71,2235.99,2220.05,,07/22/24
2224.23,2222.76,2224.23,2211.1,,07/19/24
2212.14,2225.69,2226.85,2211.93,,07/18/24
2201,2211.37,2213.25,2199.41,,07/17/24
2203.19,2201.09,2209.12,2199.91,,07/16/24
2196.35,2205.64,2205.99,2193.29,,07/15/24
2182.4,2198.96,2199.72,2181.03,,07/12/24
2168.81,2183.32,2187.02,2167.78,,07/11/24
2159.99,2171.32,2178.97,2159.58,,07/10/24
2151.31,2156.36,2163.5,2148.92,,07/09/24
2163.82,2154.26,2166.24,2146.06,,07/08/24
2163.21,2163.37,2166.78,2158.9,,07/05/24
2145.17,2162.25,2162.34,2143.53,,07/04/24
2144.55,2144.27,2149.81,2139.99,,07/03/24
2164.13,2144.43,2166.13,2143.34,,07/02/24
2167.3,2165.84,2171.17,2155.34,,07/01/24
2139.52,2164.1,2166.54,2138.55,,06/28/24
2140.34,2137.69,2143.7,2131,,06/27/24
2127.13,2141.34,2148.09,2126.94,,06/26/24
2121.54,2127.25,2128.79,2115.46,,06/25/24
2114.37,2120.01,2128.43,2110.75,,06/24/24
2113.89,2114.16,2117.24,2107.99,,06/21/24
2101.48,2114.55,2116.79,2101.48,,06/20/24
2111.27,2103.69,2122.16,2101.53,,06/19/24
2095.11,2112.56,2114.81,2094.95,,06/18/24
2082.67,2093.25,2096.61,2082.67,,06/17/24
2094.17,2080.25,2102.12,2079.23,,06/14/24
2100.12,2095.8,2110.91,2092.73,,06/13/24
2085.28,2100.8,2109.43,2085.13,,06/12/24
2111.9,2083.9,2112.42,2078.91,,06/11/24
2107.59,2111.39,2114.86,2098.66,,06/10/24
2107.92,2110.9,2118.36,2107.62,,06/07/24
2081.96,2107.66,2110.57,2081.81,,06/06/24
2073.93,2081.05,2085.55,2066.55,,06/05/24
2099.31,2073.29,2105.99,2072.41,,06/04/24
2072.65,2097.08,2102.41,2072.41,,06/03/24
2058.91,2073.31,2084.09,2057.6,,05/31/24
2072.28,2060.41,2078.29,2058.87,,05/30/24
2095.72,2076.19,2103.16,2075.79,,05/29/24
2102.69,2097.22,2114.6,2096.98,,05/28/24
2090.01,2101.64,2105.41,2089.3,,05/27/24
2090.62,2089.04,2101.95,2077.12,,05/24/24
2075.3,2087.72,2091.93,2072.46,,05/23/24
2084.08,2075.23,2092.95,2071.69,,05/22/24
2091.06,2084.31,2103.14,2082.72,,05/21/24
2074.66,2091.34,2097.37,2074.57,,05/20/24
2078.46,2074.31,2080.1,2061.53,,05/17/24
2080,2079.94,2092.77,2075.69,,05/16/24
2077.29,2081.29,2085.19,2075.81,,05/15/24
2067.01,2077.92,2081.34,2067.01,,05/14/24
2061.01,2066.91,2072.76,2060.62,,05/13/24
2067.95,2061.07,2079.1,2059.47,,05/10/24
2061.11,2068.72,2076.98,2059.34,,05/09/24
2070.07,2061.18,2070.51,2058.39,,05/08/24
2062.82,2071.16,2071.77,2061.53,,05/07/24
2047.71,2062.54,2063.86,2047.63,,05/06/24
2047.35,2048.69,2053.26,2044.51,,05/03/24
2041.84,2046.74,2053.24,2039.99,,05/02/24
2035.1,2038.43,2046.9,2034.3,,04/30/24
2011.93,2035.95,2037.05,2011.5,,04/29/24
1994.73,2010.04,2013.72,1992.7,,04/26/24
2001.62,1993.77,2012.09,1992.04,,04/25/24
2006.57,2000.84,2009.71,1998.42,,04/24/24
1987.45,2006.03,2008.72,1987.4,,04/23/24
1988,1987.78,2000.77,1980.6,,04/22/24
1998.31,1986.81,1998.31,1982.18,,04/19/24
2014.88,1998.89,2021.56,1998.35,,04/18/24
1996.36,2011.1,2021.68,1996.11,,04/17/24
2035.16,1995.48,2035.16,1994.55,,04/16/24
2039.78,2035.91,2045.2,2032.81,,04/15/24
2050.48,2036.08,2063.76,2035.5,,04/12/24
2064.96,2051.54,2070.82,2048.41,,04/11/24
2044.92,2065.19,2074.97,2044.92,,04/10/24
2059.74,2045.93,2066.21,2045.69,,04/09/24
2056.23,2060.31,2070.58,2055.61,,04/08/24
2054.89,2057.85,2061.19,2048.68,,04/05/24
2048.06,2055.19,2057.6,2046.74,,04/04/24
2026.74,2046.87,2048.04,2026.42,,04/03/24
2016.64,2026.42,2033.18,2016.6,,04/02/24
2014.67,2018.13,2024.84,2012.44,,03/28/24
2015.66,2014.92,2023.05,2014.13,,03/27/24
2016.3,2014.86,2024.55,2012.62,,03/26/24
2014.57,2015.28,2025.58,2011.04,,03/25/24
2020.13,2015.35,2023.4,2010.8,,03/22/24
2013.48,2021.91,2028.16,2013.36,,03/21/24
2012.42,2011.11,2016.51,2003.79,,03/20/24
2007.28,2012.35,2012.6,1996.78,,03/19/24
2004.65,2006.17,2012.66,1999.24,,03/18/24
1990.38,2006.53,2009.74,1989.09,,03/15/24
1999.22,1990.11,2008.82,1989.34,,03/14/24
1998.6,1998.62,2009.05,1994.46,,03/13/24
1987.44,1998.2,1998.65,1983.58,,03/12/24
1995.23,1990.62,1996.99,1981.71,,03/11/24
1994.92,1996.91,2002.7,1990.48,,03/08/24
1994.76,1995.27,1997.34,1984.96,,03/07/24
1993.1,1996.97,2003.22,1992.68,,03/06/24
1992.03,1993.13,1998.73,1984.39,,03/05/24
1989.1,1991.5,1998.07,1985.18,,03/04/24
1981.8,1990.02,1991.9,1981.8,,03/01/24
1990.42,1981.68,1998.6,1979.89,,02/29/24
1990.88,1989.54,1997.59,1984.32,,02/28/24
2006.32,1991.38,2010.8,1988.89,,02/27/24
2003.7,2004.36,2014.71,2002.26,,02/26/24
2003.15,2003.65,2012.82,1996.13,,02/23/24
1996.8,2003.47,2007.42,1994.86,,02/22/24
1983.68,1994.74,1996.56,1983.68,,02/21/24
1975.69,1982.8,1985.19,1974.92,,02/20/24
1968.92,1976.8,1983.66,1968.15,,02/19/24
1963.29,1968.63,1974.77,1963.28,,02/16/24
1952.65,1963.35,1974.49,1951.3,,02/15/24
1946.96,1952.14,1954.41,1940.61,,02/14/24
1945.29,1947.74,1952.38,1940.23,,02/13/24
1945.4,1945.48,1948.12,1939.17,,02/12/24
1933.08,1945.55,1949.98,1930.46,,02/09/24
1928.64,1936.68,1938.76,1927.18,,02/08/24
1940.78,1928.57,1943.89,1928.42,,02/07/24
1936.64,1940.84,1945.18,1933.18,,02/06/24
1943.96,1936.63,1951.41,1934.07,,02/05/24
1945.91,1944.63,1960.49,1942.69,,02/02/24
1921.57,1947.15,1951.42,1916.18,,02/01/24
1891.65,1923.59,1925.23,1891.65,,01/31/24
1876.18,1891.24,1900.12,1876.18,,01/30/24
1896.92,1875.58,1899.43,1875.58,,01/29/24
1902.53,1898.49,1904.59,1893.33,,01/26/24
1897.69,1903.79,1912.03,1896.03,,01/25/24
1900.39,1899.41,1908.16,1896.92,,01/24/24
1930.18,1899.46,1930.24,1890.35,,01/23/24
1928.16,1929.85,1941.94,1926.22,,01/22/24
1905.25,1927.66,1930.46,1904.16,,01/19/24
1897.8,1907.13,1912.49,1895.76,,01/18/24
1916.74,1896.02,1917.8,1895.57,,01/17/24
1920.08,1916.97,1922.69,1908.68,,01/16/24
1915.38,1921.43,1922.18,1908.69,,01/15/24
1902.97,1916.49,1918.31,1902.97,,01/12/24
1901.67,1905.19,1912.82,1897.1,,01/11/24
1878.75,1901.68,1901.68,1876.93,,01/10/24
1871.09,1877.82,1878.2,1869.62,,01/09/24
1857.29,1872.49,1878.77,1853.14,,01/08/24
1844.06,1858.66,1858.92,1840.14,,01/05/24
1828.53,1844.85,1845.7,1828.53,,01/04/24
1831.27,1827.78,1840.11,1825.53,,01/03/24
1832.21,1832.66,1843.19,1828.99,,01/02/24
1829.25,1832.45,1832.45,1821.56,,12/29/23
1822.82,1828.49,1830.63,1820.14,,12/28/23
1818.82,1821.69,1830.45,1818.24,,12/27/23
1817.36,1818.29,1824.29,1814.8,,12/22/23
1830.05,1818.64,1831.31,1816.76,,12/21/23
1822.26,1829.56,1837.75,1820.78,,12/20/23
1815.02,1823.14,1825.6,1809.91,,12/19/23
1804.2,1813.92,1818.92,1802.95,,12/18/23
1808.26,1803.72,1820.64,1801.76,,12/15/23
1778.39,1809.31,1810.96,1778.39,,12/14/23
1769.25,1772.53,1777.71,1768.08,,12/13/23
1758.3,1767.63,1768.46,1755.38,,12/12/23
1771.25,1757.38,1774.6,1756.53,,12/11/23
1756.32,1772.07,1772.07,1754.76,,12/08/23
1760.91,1757.48,1761.6,1752.94,,12/07/23
1758.06,1760.46,1764.54,1752.28,,12/06/23
1760.95,1757.52,1760.95,1751.46,,12/05/23
1746,1762.94,1768.83,1745.96,,12/04/23
1735.37,1745.15,1746.21,1732.34,,12/01/23
1735.52,1734.39,1739.52,1724.29,,11/30/23
1734.94,1736.12,1743.73,1733.78,,11/29/23
1706.19,1734.93,1735.05,1701.47,,11/28/23
1708.95,1705.08,1715.17,1702.86,,11/27/23
1715.32,1709.52,1715.63,1706.85,,11/24/23
1717.42,1714.86,1719.79,1712.14,,11/23/23
1709.02,1715.15,1716.4,1708.96,,11/22/23
1719.52,1710.03,1726.81,1709.85,,11/21/23
1725.17,1719.09,1727.7,1717.78,,11/20/23
1729.88,1725.43,1734.4,1724.88,,11/17/23
1738.04,1731.41,1742.47,1728.79,,11/16/23
1736.59,1738.95,1749.68,1733.76,,11/15/23
1722.74,1736.87,1740.94,1721.24,,11/14/23
1730.87,1722.2,1736.54,1721.12,,11/13/23
1719.94,1729.52,1734.41,1719.85,,11/10/23
1717.09,1722.84,1726.13,1713.67,,11/09/23
1719.24,1717.07,1722.68,1708.59,,11/08/23
1716.71,1719.1,1721.3,1715.13,,11/07/23
1707.23,1716.95,1718.83,1707.23,,11/06/23
1680.01,1709.14,1712.41,1679.95,,11/03/23
1663.7,1679.7,1681.67,1663.22,,11/02/23
1668.77,1662.6,1668.77,1662.21,,11/01/23
1672.71,1667.55,1674.92,1664.86,,10/31/23
1669.82,1673.19,1677.57,1663.94,,10/30/23
1674.47,1670,1680.07,1669.37,,10/27/23
1677.24,1674.81,1681.11,1671.83,,10/26/23
1664.95,1677.22,1678.57,1662.01,,10/25/23
1670,1666.84,1672.3,1665.03,,10/24/23
1665.8,1669.27,1669.46,1665.8,,10/23/23
1679.19,1665.38,1680.52,1659.96,,10/20/23
1692.02,1680.45,1692.57,1680.09,,10/19/23
1686.78,1692.5,1692.51,1679.71,,10/18/23
1679.92,1687.08,1688.29,1676.66,,10/17/23
1680.1,1678.91,1686.41,1671.28,,10/16/23
1685.18,1678.33,1688.35,1677.33,,10/13/23
1682.43,1685.18,1689.8,1678.77,,10/12/23
1667.83,1680.86,1682.47,1667.83,,10/11/23
1647.88,1668.46,1669.33,1647.83,,10/10/23
1655.04,1647.37,1657.14,1643.6,,10/09/23
1658.6,1657.45,1672.5,1653.71,,10/06/23
1672.26,1660.01,1679.77,1659.24,,10/05/23
1668.85,1669.94,1677.63,1660.57,,10/04/23
1674.25,1674.07,1684.46,1671.14,,10/03/23
1666.62,1671.22,1683.27,1666.41,,10/02/23
1658.14,1666.42,1671.43,1654.33,,09/29/23
1657.91,1653.29,1667.05,1649.49,,09/28/23
1662.53,1659.55,1667.67,1654.96,,09/27/23
1663.22,1660.51,1673.49,1656.17,,09/26/23
1663.89,1662.96,1674.42,1657.12,,09/25/23
1669.26,1666.16,1684,1662.91,,09/22/23
1707.65,1668.16,1709.23,1662.58,,09/21/23
1719.15,1710.49,1721.3,1708.22,,09/20/23
1703.68,1718.98,1722.21,1701.8,,09/19/23
1715.84,1702.25,1728.35,1695.4,,09/18/23
1720.24,1716.71,1730.37,1710.15,,09/15/23
1714.27,1720.83,1723.02,1704.17,,09/14/23
1715.42,1713.6,1721.69,1709.49,,09/13/23
1717.02,1717.05,1725.14,1713.72,,09/12/23
1701.94,1718.32,1720.99,1699.54,,09/11/23
1683.75,1700.71,1703.51,1674.57,,09/08/23
1654.93,1681.4,1682.35,1649.94,,09/07/23
1638.73,1658.61,1661.52,1636.64,,09/06/23
1657.13,1638.62,1657.7,1637.01,,09/05/23
1666.89,1659.47,1671.59,1658.15,,09/04/23
1665.97,1656.15,1674.52,1650.67,,09/01/23
1674.21,1669.07,1685.24,1667.06,,08/31/23
1680.33,1676.55,1687.73,1667.48,,08/30/23
1669.78,1678.39,1679.97,1665.06,,08/29/23
1670.47,1669.72,1680.22,1668.41,,08/28/23
1673.06,1670.13,1678.54,1667,,08/25/23
1663.31,1672.05,1673.28,1663.29,,08/24/23
1664.53,1665.08,1672.76,1658.36,,08/23/23
1661.28,1664.8,1668.07,1659.07,,08/22/23
1650.23,1659.27,1663.46,1650.17,,08/21/23
1653.85,1650.77,1655.3,1638.97,,08/18/23
1642.31,1653.12,1653.87,1631.66,,08/17/23
1654.76,1645.42,1654.89,1636.03,,08/16/23
1666.7,1655.35,1666.7,1647.98,,08/15/23
1679.43,1667.64,1679.43,1664.02,,08/14/23
1668.47,1681.52,1682.24,1667.27,,08/11/23
1644.92,1672.36,1675.77,1644.92,,08/10/23
1653.82,1646.41,1661.69,1641.05,,08/09/23
1640.3,1648.96,1659.67,1639.97,,08/08/23
1632.46,1639.45,1641.79,1625.58,,08/07/23
1630.48,1635.69,1638.06,1621.39,,08/04/23
1632.17,1628.72,1632.17,1618.83,,08/03/23
1640.91,1633.58,1640.91,1628.64,,08/02/23
1620.56,1641.47,1642.31,1618.8,,08/01/23
1630.03,1622.84,1634.97,1622.84,,07/31/23
1639.73,1629.44,1634.82,1627.06,,07/28/23
1629.3,1641.63,1646.51,1622.19,,07/27/23
1637.33,1624.97,1638.01,1615.41,,07/26/23
1639.38,1637.25,1645.16,1630.19,,07/25/23
1636.52,1639.82,1640.26,1628.03,,07/24/23
1632.02,1634.38,1636.82,1624.19,,07/21/23
1625.69,1630.76,1638.27,1618.46,,07/20/23
1623.43,1630.41,1635.66,1621.41,,07/19/23
1628.45,1625.1,1632.72,1621.65,,07/18/23
1627.07,1628.95,1633.02,1623.67,,07/17/23
1614.31,1627.31,1627.87,1610.23,,07/14/23
1612.54,1616.9,1618.04,1604.24,,07/13/23
1584.08,1613.92,1613.92,1580.66,,07/12/23
1567.56,1583.25,1583.91,1566.95,,07/11/23
1553.26,1560.9,1563.65,1546.95,,07/10/23
1550.07,1553.51,1556.25,1541.21,,07/07/23
1559.92,1548.69,1562.82,1546.49,,07/06/23
1568.27,1567.68,1574.45,1563.43,,07/05/23
1575.74,1571.42,1578.6,1565.42,,07/04/23
1578.56,1574.52,1584.6,1571.95,,07/03/23
1585.74,1577.83,1588.85,1576.02,,06/30/23
1572.67,1584.29,1587.41,1569.64,,06/29/23
1567.53,1571.74,1576.7,1566.24,,06/28/23
1568.04,1570.86,1571.72,1560.7,,06/27/23
1568.82,1567.36,1569.25,1560.01,,06/26/23
1564.13,1568.31,1569.63,1553.79,,06/23/23
1565.98,1563.88,1571.68,1559.4,,06/22/23
1559.13,1567.04,1567.04,1554.26,,06/21/23
1551,1558.45,1561.22,1540.2,,06/20/23
1561.77,1552.38,1561.83,1545.45,,06/19/23
1556.58,1563.07,1563.51,1543.99,,06/16/23
1550.51,1555.64,1557.62,1539.2,,06/15/23
1547.93,1550.41,1559.13,1540.45,,06/14/23
1556.4,1548.85,1559.78,1541.45,,06/13/23
1545.36,1556.77,1561.24,1545.36,,06/12/23
1543.43,1548.17,1550.12,1537.99,,06/09/23
1529.38,1542.61,1543.64,1524.56,,06/08/23
1534.74,1531.81,1534.83,1520.63,,06/07/23
1527.98,1535.62,1537.5,1527.97,,06/06/23
1524.6,1528.8,1536.4,1520.67,,06/05/23
1509.08,1524.57,1524.58,1508.2,,06/02/23
1517.33,1509.97,1518.69,1507.39,,06/01/23
1528.92,1517.46,1532.08,1512.89,,05/31/23
1526.27,1529.29,1532.65,1520.46,,05/30/23
1523.29,1525.67,1527.51,1522.64,,05/29/23
1515.33,1524.25,1525.17,1512.8,,05/26/23
1513.23,1513.04,1514.85,1503.79,,05/25/23
1511.04,1513.93,1516.59,1508.27,,05/24/23
1513.39,1510.71,1520.63,1507.37,,05/23/23
1520.61,1513.86,1525.21,1512.34,,05/22/23
1511.31,1519.73,1520.89,1504.64,,05/19/23
1513.55,1510.65,1520.38,1508.18,,05/18/23
1519,1513.62,1522.21,1508.49,,05/17/23
1514.73,1520.55,1525.29,1508.03,,05/16/23
1519.85,1515.44,1524.52,1512.28,,05/15/23
1516.59,1518.38,1524.83,1509.35,,05/12/23
1516.03,1516.53,1521.68,1511.95,,05/11/23
1525.39,1517.84,1536.68,1511.25,,05/10/23
1537.27,1525.32,1538.74,1519.31,,05/09/23
1525.27,1537.29,1538.47,1524.12,,05/08/23
1517.59,1527.06,1527.54,1512.03,,05/05/23
1519.17,1518.36,1529.5,1511.49,,05/04/23
1504.89,1516.74,1520.32,1504.89,,05/03/23
1494.3,1505.01,1511.91,1494.21,,05/02/23
1494.82,1492.11,1502.15,1488.93,,04/28/23
1475.91,1493.5,1499.37,1475.54,,04/27/23
1474.12,1473.61,1478.67,1469.06,,04/26/23
1481.86,1474.19,1481.87,1466.3,,04/25/23
1476.53,1482.26,1483.72,1469.71,,04/24/23
1468.61,1478.04,1478.65,1461.43,,04/21/23
1466.07,1469.99,1470.27,1459.75,,04/20/23
1481.96,1465.9,1483.58,1462.62,,04/19/23
1480.65,1488.89,1497.89,1479.98,,04/18/23
1458.25,1477.33,1479.79,1458.18,,04/17/23
1451.36,1456.98,1463.87,1450.88,,04/14/23
1458.95,1452.83,1467.37,1448.78,,04/13/23
1477.2,1459.98,1478.67,1456.63,,04/12/23
1468.71,1478.7,1480.03,1466.56,,04/11/23
1472.22,1469.74,1474.32,1468.67,,04/10/23
1467.62,1472.6,1474.21,1467.08,,04/07/23
1458.99,1467.33,1475.82,1457.88,,04/06/23
1452.86,1456.88,1470.2,1452.73,,04/05/23
1444.2,1454.05,1460.02,1444.2,,04/04/23
1428.61,1444.41,1445.59,1428.24,,04/03/23
1418.65,1428.62,1435.01,1415.78,,03/31/23
1421.24,1420.62,1427.89,1414.92,,03/30/23
1422.51,1420.61,1430.62,1418.71,,03/29/23
1414.54,1422.28,1424.47,1414.31,,03/28/23
1409.97,1412.71,1422.08,1409.96,,03/27/23
1432.97,1406.45,1435.96,1404.3,,03/24/23
1421.45,1436.77,1437.11,1418.23,,03/23/23
1410.9,1418.28,1427.93,1410.02,,03/22/23
1380.88,1411.24,1412.5,1380.88,,03/21/23
1366.95,1377.79,1381,1342.91,,03/20/23
1377.43,1371.93,1396.46,1369.88,,03/17/23
1393.56,1368.91,1395.71,1367.24,,03/16/23
1404.68,1384.26,1407.74,1381.65,,03/15/23
1382.86,1403.38,1410.66,1379,,03/14/23
1435.17,1387.71,1440.74,1369.12,,03/13/23
1425.16,1435.06,1435.68,1415.61,,03/10/23
1438.56,1432.26,1440.11,1425.76,,03/09/23
1440.53,1439.66,1447.27,1426.88,,03/08/23
1464.37,1439.2,1468.29,1439.2,,03/07/23
1467.41,1465.35,1479.47,1463.92,,03/06/23
1464.23,1465.48,1475.72,1464.23,,03/03/23
1474.94,1465.44,1478.34,1465.44,,03/02/23
1466.63,1476.25,1486.68,1466.63,,03/01/23
1464.21,1463.75,1472.23,1454.25,,02/28/23
1467.93,1467.38,1480.91,1464.9,,02/27/23
1472.6,1469.33,1481.94,1464.71,,02/24/23
1470.55,1473.75,1485.2,1470.22,,02/23/23
1467.18,1471.25,1473.53,1462.43,,02/22/23
1471.69,1469.34,1479.35,1464.49,,02/21/23
1473.98,1474.35,1483.98,1469.83,,02/20/23
1473.31,1472.16,1476.75,1463.11,,02/17/23
1489.37,1476.27,1497.53,1470.48,,02/16/23
1491.85,1490.09,1496.79,1485.79,,02/15/23
1477.8,1491.34,1494.7,1476.81,,02/14/23
1464.93,1481.89,1482.22,1464.9,,02/13/23
1464.02,1465.27,1471.25,1453.74,,02/10/23
1458.73,1467.88,1476.34,1458.39,,02/09/23
1445.63,1457.47,1460.9,1445.33,,02/08/23
1436.61,1438.73,1443.63,1429.15,,02/07/23
1453.49,1436.08,1458.89,1435.18,,02/06/23
1460.44,1455.59,1463.13,1450.02,,02/03/23
1447.36,1460.51,1467.23,1447.36,,02/02/23
1439.91,1446.35,1453.88,1439.77,,02/01/23
1438.62,1437.52,1442.15,1433.21,,01/31/23
1450.42,1439.12,1450.52,1429.8,,01/30/23
1468.56,1452.55,1475.47,1451.69,,01/27/23
1457.44,1469.29,1476.25,1457.44,,01/26/23
1468.04,1457.23,1469.67,1454.37,,01/25/23
1448.98,1467.28,1469.55,1447.14,,01/24/23
1441.98,1449.06,1449.85,1439.86,,01/23/23
1445.27,1443.94,1446.21,1438.32,,01/20/23
1447.96,1443.35,1448.29,1434.57,,01/19/23
1432.75,1452.46,1454.97,1432.74,,01/18/23
1434.19,1429.47,1441.03,1429.21,,01/17/23
1445.43,1435.01,1447.92,1432,,01/16/23
1445.75,1447.68,1459.66,1440.34,,01/13/23
1439.2,1441.25,1448.93,1435.99,,01/12/23
1429.99,1439.7,1440.94,1429.99,,01/11/23
1433.64,1430.24,1435.69,1423.13,,01/10/23
1422.11,1432.93,1436.32,1420.25,,01/09/23
1415.67,1423.63,1424.39,1410.27,,01/06/23
1406.16,1417.96,1421.06,1401.88,,01/05/23
1388.59,1407.33,1409.05,1386.24,,01/04/23
1358.7,1386.7,1387.05,1350.63,,01/03/23
1366.16,1358.42,1368.9,1352.76,,01/02/23
1370.56,1364.27,1372.86,1363.24,,12/30/22
1375.44,1369.64,1375.44,1361.81,,12/29/22
1381.75,1374.34,1381.75,1366.46,,12/28/22
1398.95,1378.85,1401.19,1373.65,,12/27/22
1410.33,1399.91,1411.57,1396.88,,12/23/22
1417.03,1409.26,1417.03,1403.08,,12/22/22
1407.18,1417.03,1418.16,1403.48,,12/21/22
1399.31,1406.82,1407.73,1387.3,,12/20/22
1386.79,1400.77,1404.66,1386.79,,12/19/22
1383.63,1386.33,1387.55,1367.54,,12/16/22
1387.68,1382.28,1389.53,1374.46,,12/15/22
1382.01,1386.98,1392.42,1381.08,,12/14/22
1363.12,1385.38,1388.78,1363.12,,12/13/22
1360.89,1361.75,1362.46,1349.87,,12/12/22
1353.96,1362.23,1371.74,1353.96,,12/09/22
1371.99,1353.98,1371.99,1351.95,,12/08/22
1382.43,1369.43,1388.08,1366.5,,12/07/22
1366.95,1381.09,1386.29,1355.41,,12/06/22
1385.99,1370.87,1386.18,1365.19,,12/05/22
1384.08,1385.87,1392.35,1377.89,,12/02/22
1376.81,1385.24,1386.7,1374.35,,12/01/22
1382.38,1375.84,1384.72,1375.02,,11/30/22
1370.15,1378.7,1389.58,1369.27,,11/29/22
1369.63,1372.17,1377.6,1364.78,,11/28/22
1358.84,1368.29,1370.72,1354.56,,11/25/22
1361.76,1362.04,1366.61,1351.12,,11/24/22
1373.5,1362.42,1384.51,1345.71,,11/23/22
1370.39,1372.26,1377.5,1365.62,,11/22/22
1372.94,1371.7,1375.88,1366.01,,11/21/22
1354.27,1374.91,1375.63,1347.89,,11/18/22
1361.87,1354.17,1372.81,1347.04,,11/17/22
1357.88,1359.8,1368.57,1347.95,,11/16/22
1350.05,1363.71,1372.26,1350.05,,11/15/22
1338.85,1347.62,1350.07,1337.08,,11/14/22
1332.18,1340.81,1344.44,1330.11,,11/11/22
1333.45,1330.89,1338.64,1318.4,,11/10/22
1324.77,1333.59,1334,1314.55,,11/09/22
1317.19,1324.99,1324.99,1308.86,,11/08/22
1292.41,1316.12,1320.72,1285.74,,11/07/22
1267.05,1293.46,1294.79,1265.43,,11/04/22
1267.38,1266.52,1268.4,1256.48,,11/03/22
1261.51,1267.74,1269.42,1260.32,,11/02/22
1254.32,1262.46,1263.53,1254.11,,11/01/22
1255.64,1254.84,1260.46,1252.15,,10/31/22
1261.04,1255.27,1261.04,1249.83,,10/28/22
1252.44,1259.44,1260.61,1249.39,,10/27/22
1241.3,1251.61,1259.24,1241.3,,10/26/22
1231.72,1243.53,1244.47,1230.87,,10/25/22
1248.87,1233.26,1248.87,1230.37,,10/24/22
1251.11,1243.87,1251.11,1228.53,,10/21/22
1232.05,1251.34,1254.52,1231.56,,10/20/22
1252.64,1231.88,1253.98,1227.79,,10/19/22
1228.44,1253.12,1253.54,1226.64,,10/18/22
1213.84,1226.33,1229,1208.71,,10/17/22
1176.99,1212.58,1217.5,1176.99,,10/14/22
1181.03,1175.19,1186.78,1171.2,,10/13/22
1175.11,1180.43,1183.9,1174.65,,10/12/22
1194.66,1174.93,1194.66,1174.48,,10/11/22
1194.1,1193.82,1195.18,1181.37,,10/10/22
1183.72,1194.84,1200.85,1183.69,,10/07/22
1194,1185.15,1203.84,1184.5,,10/06/22
1204.77,1193.6,1206.35,1184.78,,10/05/22
1173.7,1205.73,1206.69,1173.7,,10/04/22
1159.34,1170.76,1172.86,1154.43,,10/03/22
1153.84,1157.55,1167.45,1153.84,,09/30/22
1180.9,1154.29,1185.71,1153.32,,09/29/22
1212.37,1178.94,1213.08,1177.95,,09/28/22
1204.44,1216.33,1226.53,1204.44,,09/27/22
1227.3,1204.61,1228.08,1204.61,,09/26/22
1252.28,1228.02,1256.76,1225.08,,09/23/22
1249.84,1248.46,1256.06,1241.98,,09/22/22
1269.95,1248.73,1269.95,1248.37,,09/21/22
1285.61,1273.84,1299.86,1271.61,,09/20/22
1282.39,1284.07,1292.19,1280.04,,09/19/22
1279.32,1282.14,1286.66,1272.73,,09/16/22
1288.88,1280.07,1292.89,1279.91,,09/15/22
1313.71,1288.07,1313.71,1286.14,,09/14/22
1314.55,1316.89,1327.14,1314.27,,09/13/22
1302.54,1316.15,1319.1,1302.01,,09/12/22
1299.76,1301.83,1317.57,1299.57,,09/09/22
1312.82,1300.24,1319.42,1298.49,,09/08/22
1294.44,1309.94,1312.31,1292.99,,09/07/22
1301.65,1296.86,1315.88,1295.01,,09/06/22
1321.28,1302.21,1321.28,1298.58,,09/05/22
1313.09,1324.05,1330.03,1311.93,,09/02/22
1328.4,1314.34,1331.7,1312.95,,09/01/22
1330.74,1326.09,1337.02,1326.03,,08/31/22
1330.98,1326.63,1341.67,1325.39,,08/30/22
1346.23,1329.54,1346.23,1322.55,,08/29/22
1340.22,1343.4,1349.51,1338.95,,08/26/22
1342.03,1340.28,1353.57,1338.24,,08/25/22
1335.98,1341.6,1345.29,1333.92,,08/24/22
1342.84,1336.21,1343.61,1329.95,,08/23/22
1361.64,1342.18,1361.64,1340.73,,08/22/22
1361.81,1360.29,1363.58,1352.68,,08/19/22
1350.13,1364.73,1366.29,1341.69,,08/18/22
1358.63,1350.07,1360.42,1345.32,,08/17/22
1356.87,1356.91,1359.83,1348.25,,08/16/22
1381.71,1358.1,1382.68,1357.19,,08/15/22
1383.53,1381.12,1392.78,1377.38,,08/12/22
1375.16,1386.1,1390.38,1375.16,,08/11/22
1351.01,1376.71,1377.41,1345.69,,08/10/22
1370.47,1351.02,1375.63,1350.43,,08/09/22
1361.52,1372.25,1376.51,1357.62,,08/08/22
1344.44,1361.28,1361.81,1344.12,,08/05/22
1337.58,1344.11,1351.1,1333.39,,08/04/22
1314.9,1336.42,1338.04,1314.9,,08/03/22
1312.94,1318.1,1322.97,1310.59,,08/02/22
1286.47,1312.55,1313.88,1286.47,,08/01/22
1296.07,1287.82,1301.83,1284.41,,07/29/22
1298.13,1294.5,1301.56,1290.11,,07/28/22
1293.98,1295.27,1296.9,1285.23,,07/27/22
1301.01,1294.37,1306.15,1292.88,,07/26/22
1312.6,1302.49,1313.55,1294.54,,07/25/22
1304.19,1312.33,1313.59,1299.55,,07/22/22
1295.19,1303.56,1305.46,1290.45,,07/21/22
1287.48,1297.34,1301.42,1283.61,,07/20/22
1288.47,1286.23,1292.06,1275.89,,07/19/22
1280.22,1290.69,1293.67,1280.22,,07/18/22
1267.91,1278.7,1280.9,1265.39,,07/15/22
1266.84,1264.29,1273.12,1260.38,,07/14/22
1266.39,1267.05,1274.03,1264.04,,07/13/22
1279.33,1268.36,1279.33,1257.78,,07/12/22
1290.82,1273.27,1290.82,1272.48,,07/11/22
1289.97,1291.82,1304.03,1282.65,,07/08/22
1263.06,1288.67,1290.87,1261.02,,07/07/22
1255.8,1254.56,1266.48,1244.38,,07/06/22
1270.78,1253.08,1277.32,1244.42,,07/05/22
1271.18,1271.32,1283.78,1268.99,,07/04/22
1268.27,1270.63,1283.84,1265.79,,07/01/22
1299.68,1268.25,1299.68,1267.97,,06/30/22
1306.09,1298.59,1309.31,1294.26,,06/29/22
1283.72,1305.48,1307.01,1283.72,,06/28/22
1280.33,1282.42,1294.42,1279.31,,06/27/22
1279.98,1281.35,1290.1,1279.05,,06/24/22
1294.49,1280.79,1296.2,1279.27,,06/23/22
1314.19,1294.65,1314.19,1289.84,,06/22/22
1295.71,1313.89,1316.61,1295.45,,06/21/22
1276.48,1294.6,1297.52,1274.52,,06/20/22
1274.77,1276.33,1282.59,1273.89,,06/17/22
1277.68,1273.21,1293.29,1272.37,,06/16/22
1273.48,1278.69,1291.69,1272.86,,06/15/22
1280.93,1275.92,1290.86,1274.74,,06/14/22
1309.76,1278.95,1309.76,1278.35,,06/13/22
1330.35,1310.02,1330.79,1305.54,,06/10/22
1337.04,1329.71,1342.38,1328.74,,06/09/22
1352.32,1338.37,1354.84,1335.98,,06/08/22
1366.46,1352.77,1367.94,1352.05,,06/07/22
1351.13,1366.45,1366.93,1349.28,,06/06/22
1356.45,1351.56,1358.51,1343.44,,06/03/22
1350.88,1356.59,1364.8,1350.78,,06/02/22
1333.4,1351.53,1360.29,1331.28,,06/01/22
1337.65,1334.33,1346.71,1334.33,,05/31/22
1323.32,1340.06,1343.45,1321.28,,05/30/22
1335.64,1322.95,1345.95,1322.16,,05/27/22
1357.92,1339.34,1358.24,1314.36,,05/26/22
1397.05,1366.41,1399.45,1364.84,,05/25/22
1407,1396.02,1411.9,1392.06,,05/24/22
1376.36,1406.29,1409.72,1376.36,,05/23/22
1372.93,1377.45,1386.05,1366.57,,05/20/22
1386.66,1372.83,1386.66,1366.02,,05/19/22
1367.93,1388.12,1389.61,1367.93,,05/18/22
1343.59,1367.01,1375.46,1343.59,,05/17/22
1342.11,1345.01,1359.8,1340.38,,05/16/22
1316.4,1342.37,1349.51,1316.4,,05/13/22
1339.85,1317.34,1339.85,1315.71,,05/12/22
1337.75,1340.32,1352.34,1336.33,,05/11/22
1351.91,1336.96,1367.89,1336.46,,05/10/22
1367.23,1351.33,1367.23,1351.33,,05/09/22
1377.87,1367.9,1378.53,1359.13,,05/06/22
1395.8,1377.66,1411.71,1376.1,,05/05/22
1403.38,1395.42,1412,1395.1,,05/04/22
1402.29,1403.23,1410.8,1397.23,,05/03/22
1411.06,1404.41,1418.78,1402.7,,05/02/22
1412.98,1410.77,1434.17,1408.65,,04/29/22
1395.47,1414.17,1423.86,1395.47,,04/28/22
1387.37,1395.25,1398.93,1374.28,,04/27/22
1409.01,1389.12,1415.93,1388.67,,04/26/22
1426.7,1405.72,1426.7,1401.56,,04/25/22
1427.72,1426.53,1439.88,1423.31,,04/22/22
1423.36,1427.24,1440.04,1422.84,,04/21/22
1428.49,1423.05,1436.49,1423.05,,04/20/22
1430.5,1428.09,1437.33,1425.14,,04/19/22
1418.79,1421.35,1426.31,1417.7,,04/14/22
1414.65,1418.73,1430.96,1412.57,,04/13/22
1429.55,1415.85,1429.55,1413.63,,04/12/22
1436.04,1428.77,1440.54,1424.63,,04/11/22
1422.38,1437.55,1446.03,1422.38,,04/08/22
1426.3,1421.85,1440.25,1421.39,,04/07/22
1472.4,1426.71,1473.93,1426.31,,04/06/22
1507.28,1474.99,1508.12,1468.01,,04/05/22
1503.46,1507.37,1519.71,1498.79,,04/04/22
1483.23,1501.05,1504.45,1482.54,,04/01/22
1514.93,1483.26,1528.5,1480.65,,03/31/22
1536.95,1514.45,1553.47,1512.93,,03/30/22
1473.54,1534.81,1537.35,1473.54,,03/29/22
1466.77,1474.13,1492.44,1463.81,,03/28/22
1458.61,1464.04,1471.56,1456.95,,03/25/22
1479.21,1461.36,1487.15,1459.24,,03/24/22
1517.13,1481.63,1525.6,1480.07,,03/23/22
1507.69,1517.63,1524.81,1507.69,,03/22/22
1496.96,1507.72,1516.52,1493.37,,03/21/22
1492.79,1496.78,1499.85,1482.77,,03/18/22
1479.36,1493.69,1514.8,1479.36,,03/17/22
1442.69,1479.15,1485.64,1440.87,,03/16/22
1435.79,1442.01,1444,1430.45,,03/15/22
1409.29,1437.63,1438.77,1409.29,,03/14/22
1386.48,1408.72,1421.9,1386.22,,03/11/22
1407.27,1386.03,1434.54,1385.12,,03/10/22
1325.09,1409.49,1415.2,1325.09,,03/09/22
1284.21,1324.19,1353.98,1284.21,,03/08/22
1329.6,1285.19,1329.6,1232.33,,03/07/22
1405.92,1333.27,1407.21,1331.49,,03/04/22
1371.8,1406.92,1447.97,1371.8,,03/03/22
1359.82,1371.14,1380.13,1334.72,,03/02/22
1458.94,1365.87,1474.75,1358.88,,03/01/22
1578.05,1461.89,1578.05,1432.63,,02/28/22
1503.58,1577.35,1603.88,1503.58,,02/25/22
1655.18,1500.04,1655.18,1491.48,,02/24/22
1672.63,1657.34,1686.25,1654.54,,02/23/22
1691.11,1674.73,1691.11,1619.91,,02/22/22
1731.64,1693.13,1747.06,1680.17,,02/21/22
1757.91,1730.06,1767.01,1728.56,,02/18/22
1783.08,1757.14,1789.65,1757.01,,02/17/22
1779.31,1782.14,1794.52,1779.31,,02/16/22
1759.89,1779.35,1785.25,1757.26,,02/15/22
1790.72,1761.89,1794.29,1743.41,,02/14/22
1811.89,1799.31,1812.72,1795.42,,02/11/22
1813.91,1812.72,1818.12,1802.89,,02/10/22
1810.44,1814.35,1820.17,1810.42,,02/09/22
1793.39,1808.9,1812.1,1793.28,,02/08/22
1781.51,1793.63,1795.18,1775.35,,02/07/22
1786.95,1781.62,1794.46,1776.99,,02/04/22
1802.88,1788.53,1809.48,1783.31,,02/03/22
1802.32,1801.61,1815.25,1796.64,,02/02/22
1803.87,1802.67,1814.34,1798.04,,02/01/22
1782.99,1802.93,1804.74,1782.99,,01/31/22
1784.11,1782.63,1791.4,1771.18,,01/28/22
1765.96,1788.07,1790.43,1754.06,,01/27/22
1748.14,1765.75,1773.4,1747.1,,01/26/22
1752.63,1747.71,1752.97,1739,,01/25/22
1773.42,1753.37,1776.28,1749.5,,01/24/22
1794.03,1772.75,1794.98,1764.22,,01/21/22
1814.01,1795.97,1815.5,1792.77,,01/20/22
1798.09,1813.97,1819.26,1788.98,,01/19/22
1819.02,1797.24,1819.08,1793.65,,01/18/22
1803.22,1818.63,1819.6,1803.2,,01/17/22
1819.62,1805.03,1825.47,1803.84,,01/14/22
1840.76,1821.58,1840.76,1818.08,,01/13/22
1816.34,1835.72,1837.65,1813.83,,01/12/22
1785.92,1815.39,1815.64,1785.68,,01/11/22
1779.56,1784.8,1792.36,1778,,01/10/22
1770.68,1778.46,1781.53,1769.04,,01/07/22
1765.76,1770.78,1775.16,1759.83,,01/06/22
1769.89,1777.99,1778.54,1764.87,,01/05/22
1755.43,1770.03,1771.6,1755.33,,01/04/22
1730.87,1754.5,1755.81,1730.75,,01/03/22
1730.81,1729.74,1736.55,1728.04,,12/30/21
1723.48,1729.49,1730.34,1719.57,,12/29/21
1710.73,1722.02,1724.57,1710.21,,12/28/21
1707.34,1710.76,1721.42,1706.46,,12/27/21
1693.92,1705.86,1711.37,1691.84,,12/23/21
1723.27,1693.15,1729.17,1688.84,,12/22/21
1721.05,1722.77,1728.07,1718.42,,12/21/21
1729.24,1720.44,1730.09,1713.47,,12/20/21
1724.64,1730.85,1733.89,1719.48,,12/17/21
1712.76,1726.6,1732.21,1712.76,,12/16/21
1715.76,1710.28,1723.63,1706.64,,12/15/21
1723.81,1717.8,1735.21,1716.67,,12/14/21
1743.34,1722.07,1749.73,1722.05,,12/13/21
1748.65,1743.4,1751.89,1739.32,,12/10/21
1744.32,1748.39,1751.73,1736.76,,12/09/21
1742.36,1740.76,1746.35,1730.52,,12/08/21
1726.76,1745.25,1747.59,1726.76,,12/07/21
1737.78,1728.42,1751.76,1727.6,,12/06/21
1750.13,1736.97,1764.41,1735.41,,12/03/21
1767.57,1752.64,1769.26,1745.63,,12/02/21
1753.06,1766.24,1768.93,1747.8,,12/01/21
1759.69,1750.26,1760.12,1740.99,,11/30/21
1742.18,1758.47,1763.26,1742.18,,11/29/21
1781.25,1742.36,1781.25,1740.99,,11/26/21
1772.8,1784.17,1791.72,1772.8,,11/25/21
1734.65,1772.2,1775.4,1734.64,,11/24/21
1723.34,1734.69,1736.37,1706.09,,11/23/21
1746.95,1724.19,1753.36,1724.19,,11/22/21
1758.7,1746.35,1769.56,1740.16,,11/19/21
1746.72,1757.33,1766.72,1744.6,,11/18/21
1749.17,1746.73,1759.18,1743.18,,11/17/21
1743.81,1752.18,1757.37,1735.32,,11/16/21
1760.25,1743.49,1762.54,1742.54,,11/15/21
1773.89,1760.83,1777.69,1757.49,,11/12/21
1767.29,1775.44,1777.4,1761.81,,11/11/21
1782.18,1767.55,1790.05,1765.43,,11/10/21
1788.29,1783.44,1798.54,1781.62,,11/09/21
1807.26,1789.46,1812.9,1789.07,,11/08/21
1817.58,1807.92,1826.45,1806.98,,11/05/21
1804.75,1818.47,1819.49,1804.27,,11/04/21
1795.49,1803.55,1803.96,1791.9,,11/03/21
1776.81,1795.11,1799.27,1776.81,,11/02/21
1778.65,1777.16,1779.5,1777.16,,11/01/21
1768.87,1778.81,1793.59,1765.79,,10/29/21
1776.62,1769.32,1781.77,1766.49,,10/28/21
1775.68,1774.9,1781.83,1768.64,,10/27/21
1761.55,1775.14,1776.85,1760.37,,10/26/21
1782.56,1760.52,1787.06,1759.58,,10/25/21
1772.08,1783.88,1788.53,1770.39,,10/22/21
1771.08,1774.86,1777.37,1764.85,,10/21/21
1764.33,1770.83,1776.89,1764.33,,10/20/21
1773.61,1764.79,1780.67,1763.94,,10/19/21
1779.89,1772.81,1779.89,1765.31,,10/18/21
1790.07,1781.67,1794.5,1771.4,,10/15/21
1781.78,1790.05,1794.43,1781.78,,10/14/21
1773.94,1781.27,1789.5,1769.77,,10/13/21
1770.64,1774.07,1779.37,1765.07,,10/12/21
1767.47,1771.95,1772.33,1761.69,,10/11/21
1770.48,1767.36,1770.48,1761.66,,10/08/21
1751.31,1770.22,1772.91,1751.21,,10/07/21
1759.06,1750.74,1759.1,1732.22,,10/06/21
1771.43,1760.5,1774.65,1757.74,,10/05/21
1781.74,1768.91,1785.61,1767.95,,10/04/21
1758.3,1782.93,1782.93,1752.1,,10/01/21
1749.39,1758.26,1765.66,1742.24,,09/30/21
1737.79,1750.15,1753.35,1737.78,,09/29/21
1745.81,1737.93,1752.71,1735.26,,09/28/21
1754.4,1745.41,1762.2,1739.62,,09/27/21
1772.93,1755.03,1774.95,1753.54,,09/24/21
1755.09,1774.46,1775.39,1755.08,,09/23/21
1752.31,1755.86,1761,1749.18,,09/22/21
1745.87,1752.09,1770.3,1745.87,,09/21/21
1785.48,1745.5,1785.63,1742.02,,09/20/21
1785.65,1785.76,1789.22,1778.47,,09/17/21
1790.75,1785.02,1801.26,1783.33,,09/16/21
1795.79,1790.17,1803.84,1788.41,,09/15/21
1812.72,1796.93,1814.66,1791.12,,09/14/21
1801.11,1815.53,1816.04,1800.96,,09/13/21
1807.29,1801.89,1814.53,1798.45,,09/10/21
1807.52,1806.91,1807.57,1784.56,,09/09/21
1823.08,1807.87,1823.08,1800.87,,09/08/21
1825.33,1821.62,1830.12,1820.42,,09/07/21
1814.92,1825.3,1826.99,1814.24,,09/06/21
1798.46,1815.04,1815.04,1794.01,,09/03/21
1802.34,1799.86,1807.28,1794.53,,09/02/21
1805.94,1802.02,1814.79,1798.21,,09/01/21
1808.8,1803.19,1814.12,1794.2,,08/31/21
1787.17,1808.57,1810.22,1785.37,,08/30/21
1780.84,1787.34,1787.69,1776.39,,08/27/21
1787.4,1781.18,1793.43,1777.53,,08/26/21
1808.28,1789.46,1809.6,1788.95,,08/25/21
1809.03,1808.71,1814.28,1802.88,,08/24/21
1813.03,1808.65,1821.72,1806.77,,08/23/21
1803.09,1812.58,1813.19,1802.16,,08/20/21
1821.83,1803.71,1821.83,1793.04,,08/19/21
1798.08,1821.81,1822.23,1796.27,,08/18/21
1764.12,1798.46,1799.25,1759.28,,08/17/21
1756.06,1764.01,1766.39,1751.22,,08/16/21
1754.63,1755.14,1755.95,1748.31,,08/13/21
1748.11,1754.94,1755.2,1742.76,,08/12/21
1741.82,1748.11,1748.36,1732.47,,08/11/21
1745.31,1742.06,1745.4,1735.72,,08/10/21
1739.31,1743.65,1747.83,1734.94,,08/09/21
1739.56,1739.74,1743.51,1734.7,,08/06/21
1735.13,1739.6,1743.19,1731.73,,08/05/21
1727.86,1734.9,1741.11,1727.86,,08/04/21
1716.68,1727.16,1735.03,1715.51,,08/03/21
1699.91,1716.27,1716.51,1697.73,,08/02/21
1699.16,1702.47,1704.6,1683.16,,07/30/21
1665.87,1698.08,1698.99,1665.87,,07/29/21
1657.7,1664.91,1665.81,1657.07,,07/28/21
1648.42,1659.43,1659.66,1644.07,,07/27/21
1662.41,1648.25,1662.55,1648.25,,07/26/21
1672.47,1662.81,1674.68,1661.01,,07/23/21
1677.55,1673.32,1681.63,1669.87,,07/22/21
1675.64,1676.33,1677.71,1670.99,,07/21/21
1677.6,1675.17,1683.03,1660.36,,07/20/21
1692.58,1678.31,1694.01,1674.01,,07/19/21
1687.75,1693.8,1697.81,1687.75,,07/16/21
1674.55,1688.52,1692.34,1672.48,,07/15/21
1682.89,1672.35,1685.86,1672.01,,07/14/21
1685.96,1682.54,1693.59,1678.52,,07/13/21
1693.29,1685.33,1693.29,1683.43,,07/12/21
1675.71,1693.35,1693.88,1674.71,,07/09/21
1671.93,1674.42,1675.34,1659.89,,07/08/21
1673.65,1672.65,1682.91,1669.51,,07/07/21
1675.34,1673.71,1679.33,1666.58,,07/06/21
1675.21,1675.14,1684.27,1671.15,,07/05/21
1688.4,1674.28,1690.91,1672.68,,07/02/21
1673.63,1687.22,1690.14,1672.68,,07/01/21
1680.25,1674.82,1692,1672.05,,06/30/21
1697.33,1682.86,1704.62,1681.48,,06/29/21
1696.38,1695.43,1700.96,1688.45,,06/28/21
1700.86,1696.64,1707.52,1695.54,,06/25/21
1708.35,1701.11,1713.7,1697.91,,06/24/21
1689.66,1706.43,1714.8,1689.66,,06/23/21
1700.47,1686.76,1701.95,1680.19,,06/22/21
1689.05,1699.81,1700.98,1677.59,,06/21/21
1702.67,1687.83,1709.81,1687.72,,06/18/21
1707.86,1704.75,1713.05,1697.45,,06/17/21
1726.2,1711.96,1731.73,1704.71,,06/16/21
1725.7,1725.67,1731.95,1720.97,,06/15/21
1731.63,1724.6,1739.25,1719.96,,06/14/21
1732.75,1732.49,1740.22,1729.12,,06/11/21
1716.2,1731.31,1732.63,1714.91,,06/10/21
1719.03,1715.82,1729.29,1703.34,,06/09/21
1724.39,1718.67,1732.45,1715.52,,06/08/21
1725.22,1724.94,1738.14,1721.38,,06/07/21
1708.17,1725.68,1725.77,1700.88,,06/04/21
1699.73,1708.71,1716.56,1698.96,,06/03/21
1702.02,1700.13,1710.91,1698.56,,06/02/21
1691.3,1700.97,1713.9,1691.25,,06/01/21
1691.43,1691.43,1695.48,1686.89,,05/31/21
1677.6,1691.63,1692.75,1676.26,,05/28/21
1695.16,1678.62,1698.79,1675.21,,05/27/21
1678.06,1694.7,1695.32,1677.67,,05/26/21
1701.82,1678.18,1701.82,1677.12,,05/25/21
1692.98,1701.2,1701.52,1690.74,,05/24/21
1683.55,1691.49,1692.91,1680.71,,05/21/21
1655.56,1683.01,1684.87,1655.56,,05/20/21
1667.1,1658.79,1667.27,1649.65,,05/19/21
1661.91,1668.68,1672.04,1657.3,,05/18/21
1638.33,1661.14,1662.49,1638.26,,05/17/21
1622.71,1638.18,1640.27,1621.6,,05/14/21
1613.64,1623.03,1623.2,1598.03,,05/13/21
1611.03,1614.4,1616.9,1605.05,,05/12/21
1620.05,1609.08,1620.24,1589.84,,05/11/21
1611.99,1620.37,1625.81,1606.14,,05/10/21
1621.98,1614.45,1625.69,1613.7,,05/07/21
1611.12,1623.14,1623.67,1611.12,,05/06/21
1613.46,1610.94,1622.9,1610.83,,05/05/21
1605.11,1613.78,1617.26,1604.39,,05/04/21
1599.87,1603.72,1607.81,1595.1,,05/03/21
1606.91,1599.48,1611.79,1599.48,,04/30/21
1594.22,1606.78,1615.53,1593.92,,04/29/21
1594.8,1593.86,1595.3,1586.68,,04/28/21
1590.08,1595.2,1595.86,1586.85,,04/27/21
1579.86,1590.27,1591.16,1576.78,,04/26/21
1574.5,1578.94,1580.14,1571.69,,04/23/21
1573.32,1575.26,1581.79,1569.59,,04/22/21
1581.61,1571.77,1586.99,1569.27,,04/21/21
1569.4,1582.52,1583.26,1554.95,,04/20/21
1575.42,1570.21,1583.09,1568.54,,04/19/21
1561.9,1576.18,1576.86,1556.76,,04/16/21
1562.31,1561.69,1567.68,1551.86,,04/15/21
1564.16,1562.06,1571.91,1555.94,,04/14/21
1570.12,1564.12,1580.07,1561.3,,04/13/21
1575.53,1570.01,1584.87,1569.99,,04/12/21
1584.1,1576.13,1584.1,1574.9,,04/09/21
1581.18,1584.39,1587.46,1577.86,,04/08/21
1575.51,1582.14,1584.15,1574.77,,04/07/21
1578.16,1575.36,1587.22,1575.2,,04/06/21
1561,1575.6,1578.33,1560.29,,04/01/21
1561.69,1560.25,1576.77,1557.44,,03/31/21
1558.47,1561.3,1565.2,1555.15,,03/30/21
1546.25,1558.05,1563.72,1545.74,,03/29/21
1540.15,1545.96,1551.48,1537.09,,03/26/21
1544.95,1539.42,1547.39,1534.13,,03/25/21
1536.63,1544.67,1548.13,1531,,03/24/21
1540.41,1537.64,1545.05,1532.93,,03/23/21
1537.62,1540.44,1546.27,1536.46,,03/22/21
1545.21,1538.62,1550.54,1536.72,,03/19/21
1537.44,1546.34,1549.81,1536.43,,03/18/21
1552.39,1535.54,1552.9,1532.2,,03/17/21
1530.41,1552.44,1553.5,1529.8,,03/16/21
1529.4,1530.34,1532.19,1528.17,,03/15/21
1533.96,1530.39,1540.93,1527.86,,03/12/21
1519.92,1534.45,1540.81,1519.92,,03/11/21
1510.92,1519.06,1521.5,1510.92,,03/10/21
1506.42,1509.95,1519.19,1506.42,,03/09/21
1510.53,1506.4,1515.74,1500.88,,03/08/21
1511.58,1510.1,1516.77,1496.87,,03/05/21
1523.09,1513.28,1526.11,1500.79,,03/04/21
1531.16,1524.22,1540.72,1520.37,,03/03/21
1535.93,1531.4,1545.49,1530.61,,03/02/21
1529.34,1536.55,1548.5,1529.34,,03/01/21
1534.19,1529.16,1538.6,1522.24,,02/26/21
1523.97,1536.53,1537.8,1522.91,,02/25/21
1523.29,1524.44,1535.5,1519.35,,02/24/21
1534.06,1523.54,1537.08,1512,,02/23/21
1545.89,1533.97,1545.89,1528.52,,02/22/21
1544.94,1546.08,1551.97,1539.88,,02/19/21
1555.49,1544.26,1560.2,1542.4,,02/18/21
1561.57,1555.07,1573.62,1552.73,,02/17/21
1535.37,1562.19,1562.28,1535.37,,02/16/21
1522.46,1535.7,1537.35,1522,,02/15/21
1532.18,1521.86,1534.24,1519.29,,02/12/21
1539.08,1533,1552.69,1531.93,,02/11/21
1543.37,1539.28,1548.33,1537.91,,02/10/21
1544.32,1543.32,1547.21,1538.3,,02/09/21
1545.8,1544.31,1553.36,1543.77,,02/08/21
1554.31,1545.72,1559.25,1545.72,,02/05/21
1553.45,1554.37,1561.06,1546.25,,02/04/21
1549.46,1553.38,1559.52,1547.6,,02/03/21
1543.35,1549.35,1551.26,1538.1,,02/02/21
1535.62,1543.35,1552.89,1535.62,,02/01/21
1531.05,1535.64,1542.51,1525.14,,01/29/21
1520.29,1531.08,1533.3,1507.12,,01/28/21
1529.72,1520.32,1532.59,1510.44,,01/27/21
1527.8,1529.6,1537.5,1517.35,,01/26/21
1533.79,1527.79,1543.07,1525.91,,01/25/21
1541.35,1533.75,1541.35,1529.63,,01/22/21
1534.27,1541.34,1546.12,1533.27,,01/21/21
1547.17,1534.23,1550.58,1531.95,,01/20/21
1537.33,1547.18,1547.66,1536.55,,01/19/21
1529.29,1537.3,1538.25,1521.02,,01/18/21
1543.8,1529.23,1549.32,1527.01,,01/15/21
1531.11,1543.75,1545.56,1529.08,,01/14/21
1523.32,1531.08,1545.06,1518.73,,01/13/21
1517.09,1523.28,1527.77,1516.03,,01/12/21
1516.5,1517.04,1529.05,1506.61,,01/11/21
1494.52,1516.46,1518.28,1493.12,,01/08/21
1479.99,1494.49,1494.9,1479.99,,01/07/21
1474.2,1479.95,1483.77,1473.99,,01/06/21
1463.02,1474.18,1474.46,1456.95,,01/05/21
1451.04,1462.94,1467.12,1451.04,,01/04/21
1440.55,1451.07,1452.83,1440.55,,12/30/20
1438.09,1440.57,1446.65,1438.09,,12/29/20
1438.43,1438.06,1449.49,1437.18,,12/28/20
1436.51,1438.43,1444.53,1433.71,,12/23/20
1427.25,1436.49,1443.36,1427.15,,12/22/20
1464.83,1427.3,1464.83,1417.53,,12/21/20
1475.07,1464.83,1475.07,1461.02,,12/18/20
1464.38,1475.03,1476.04,1462.34,,12/17/20
1458.46,1464.37,1471.3,1455.26,,12/16/20
1465.03,1458.64,1475.49,1452.7,,12/15/20
1465.22,1465.04,1476.63,1462.54,,12/14/20
1467.75,1465.19,1473.07,1452.86,,12/11/20
1452.89,1467.7,1469.33,1451.61,,12/10/20
1428.78,1452.86,1455.94,1428.78,,12/09/20
1416.98,1428.79,1430.28,1409.65,,12/08/20
1415.55,1417.01,1418.11,1409.63,,12/07/20
1405.95,1415.53,1420.69,1405,,12/04/20
1402.88,1405.86,1408.09,1395.45,,12/03/20
1399.11,1402.8,1411.65,1396.22,,12/02/20
1394.82,1399.09,1406.64,1394.82,,12/01/20
1391.14,1394.84,1399.47,1385.01,,11/30/20
1389.11,1391.12,1398.79,1387.95,,11/27/20
1384.08,1389.08,1391.55,1382.96,,11/26/20
1379.3,1384,1389.91,1379.3,,11/25/20
1370.72,1379.27,1380.36,1367.64,,11/24/20
1366.15,1370.74,1379.53,1365.12,,11/23/20
1362.81,1366.16,1376.2,1359.58,,11/20/20
1355.56,1362.8,1363.16,1350.44,,11/19/20
1335.12,1355.52,1356.01,1324.84,,11/18/20
1342.38,1335.08,1344.58,1330.12,,11/17/20
1342.62,1342.4,1354.24,1340.08,,11/16/20
1364.6,1342.53,1369.15,1340.51,,11/13/20
1372.2,1364.54,1372.2,1361.41,,11/12/20
1355.22,1372.38,1375.05,1342.83,,11/11/20
1343,1355.15,1362,1335.84,,11/10/20
1315.25,1343.04,1353.31,1294.22,,11/09/20
1313.56,1315.24,1325.03,1304.03,,11/06/20
1287.75,1313.56,1314.21,1287.75,,11/05/20
1264.6,1287.44,1287.67,1254.28,,11/04/20
1243.23,1264.64,1269.33,1243.23,,11/03/20
1215.97,1243.23,1246.08,1215.9,,11/02/20
1205.94,1216.03,1221.08,1201.28,,10/30/20
1213.93,1205.85,1216.71,1205.28,,10/29/20
1236.02,1213.89,1236.02,1209.89,,10/28/20
1242.91,1236.02,1245.13,1232.86,,10/27/20
1260.38,1242.92,1262.46,1241.14,,10/26/20
1269.57,1260.41,1269.57,1259.9,,10/23/20
1267.26,1269.57,1269.82,1259.1,,10/22/20
1262.96,1267.3,1273.22,1259.56,,10/21/20
1254.83,1262.96,1267.15,1251.35,,10/20/20
1249.46,1254.86,1255.11,1245.44,,10/19/20
1240.88,1249.46,1251.21,1240.88,,10/16/20
1257.9,1240.87,1257.9,1237.85,,10/15/20
1251.27,1257.89,1261.68,1246.42,,10/14/20
1260.14,1251.3,1260.81,1249.03,,10/13/20
1272.08,1260.11,1276.4,1255.82,,10/12/20
1269.06,1272.06,1273.61,1259.94,,10/09/20
1265.63,1269.01,1274.19,1262.79,,10/08/20
1266.44,1265.62,1273.7,1260.23,,10/07/20
1259.58,1266.39,1269.75,1257.63,,10/06/20
1263.75,1259.63,1269.65,1259.12,,10/05/20
1271.55,1263.73,1271.63,1261.63,,10/02/20
1235.8,1271.49,1273.3,1235.8,,10/01/20
1231.77,1235.8,1240.07,1225.38,,09/30/20
1254.19,1231.76,1257.89,1230.6,,09/29/20
1237.79,1254.18,1263.07,1237.79,,09/28/20
1240.75,1237.77,1252.38,1235.88,,09/25/20
1246.3,1240.76,1247.57,1235.64,,09/24/20
1238.03,1246.28,1254.29,1235.88,,09/23/20
1237.82,1238.06,1245.91,1231.2,,09/22/20
1276.85,1237.81,1276.85,1227.59,,09/21/20
1283.72,1276.9,1284.85,1272.58,,09/18/20
1297.64,1283.73,1297.64,1279.54,,09/17/20
1302.44,1297.61,1305.96,1287.98,,09/16/20
1319.01,1302.44,1320.06,1302.11,,09/15/20
1314.21,1318.98,1320.35,1307.09,,09/14/20
1314.46,1314.31,1319.55,1303.86,,09/11/20
1327.48,1314.49,1331.3,1310.02,,09/10/20
1318.63,1327.42,1335.44,1316.12,,09/09/20
1309.81,1318.55,1318.66,1308.28,,09/08/20
1298.29,1309.81,1310.2,1298.29,,09/07/20
1313.1,1298.24,1313.1,1296.63,,09/04/20
1306.48,1313.07,1321.99,1305.42,,09/03/20
1307.02,1306.43,1312.76,1300.49,,09/02/20
1316.31,1307,1323.37,1307,,09/01/20
1308.54,1316.34,1321.64,1307.68,,08/31/20
1324.36,1308.49,1328.43,1307.88,,08/28/20
1333.18,1324.34,1333.18,1321.88,,08/27/20
1335.36,1333.14,1335.36,1325.67,,08/26/20
1351.29,1335.21,1355.22,1334.88,,08/25/20
1353.44,1351.29,1357.08,1347.1,,08/24/20
1359.74,1353.57,1362.25,1352.89,,08/21/20
1360.33,1359.67,1361.73,1355.05,,08/20/20
1364.99,1360.87,1368.47,1359.46,,08/19/20
1370.15,1364.98,1370.15,1358.74,,08/18/20
1376.72,1370.15,1376.72,1365.37,,08/17/20
1376.78,1376.83,1376.85,1362.74,,08/14/20
1381.36,1377.08,1384.2,1369.78,,08/13/20
1373.23,1381.56,1381.83,1363.43,,08/12/20
1357.72,1373.14,1376.19,1357.4,,08/11/20
1340.04,1357.96,1358.79,1336.42,,08/10/20
1330.88,1339.95,1347.03,1326.74,,08/07/20
1323.92,1330.86,1330.86,1320.78,,08/06/20
1309.23,1323.88,1325.22,1309.23,,08/05/20
1308.81,1309.13,1318.67,1307.88,,08/04/20
1310.66,1308.7,1315.79,1300.72,,08/03/20
1302.26,1310.56,1319.94,1299.06,,07/31/20
1310.5,1302.23,1312.07,1298.19,,07/30/20
1305.11,1310.42,1310.44,1296.69,,07/29/20
1314.09,1304.8,1314.09,1303.74,,07/28/20
1322.89,1314,1329.2,1312.2,,07/27/20
1333.6,1322.77,1333.6,1314.5,,07/24/20
1331.41,1333.55,1336.04,1326.25,,07/23/20
1328.89,1331.35,1335.76,1319.12,,07/22/20
1325.47,1328.88,1332.52,1317.74,,07/21/20
1323.39,1325.39,1327.65,1318.66,,07/20/20
1321.78,1323.32,1326.15,1316.15,,07/17/20
1320.99,1321.69,1323.59,1314.18,,07/16/20
1310.82,1321,1325.51,1310.82,,07/15/20
1317.98,1310.77,1317.98,1304.7,,07/14/20
1320.53,1317.87,1326.36,1314.02,,07/13/20
1323.39,1320.52,1323.39,1307.36,,07/10/20
1317.74,1323.29,1327.03,1314.26,,07/09/20
1315.97,1317.76,1318.94,1310.49,,07/08/20
1335.1,1315.8,1335.48,1310.91,,07/07/20
1316.24,1335.02,1336.98,1316.24,,07/06/20
1326.68,1316.23,1331.81,1314.71,,07/03/20
1303.63,1326.62,1329.53,1303.5,,07/02/20
1310.96,1303.6,1313.49,1293.72,,07/01/20
1319.89,1310.81,1320.81,1306.21,,06/30/20
1319.33,1319.85,1323.95,1307.72,,06/29/20
1338.47,1319.36,1341.52,1317.54,,06/26/20
1347.09,1338.42,1347.09,1329.92,,06/25/20
1361.46,1347.05,1367.44,1346.64,,06/24/20
1360.49,1361.5,1369.97,1356.65,,06/23/20
1359.21,1359.55,1368.77,1346.26,,06/22/20
1366.52,1359.21,1375.67,1359.21,,06/19/20
1380.5,1366.5,1380.5,1365.1,,06/18/20
1379.76,1380.47,1389.87,1375.97,,06/17/20
1358,1379.71,1392.23,1352.28,,06/16/20
1357.52,1357.94,1360.6,1346.49,,06/15/20
1347.81,1357.51,1363.1,1333.99,,06/12/20
1370.45,1347.74,1370.45,1346.03,,06/11/20
1369.68,1370.45,1374.83,1362.2,,06/10/20
1376.78,1369.58,1379.45,1358.59,,06/09/20
1377.53,1376.82,1381.65,1371.45,,06/08/20
1369.71,1377.27,1380.66,1361.96,,06/05/20
1353.06,1369.65,1369.65,1342.52,,06/04/20
1322.51,1353,1353.45,1322.32,,06/03/20
1313.65,1322.32,1326.01,1311.42,,06/02/20
1310.1,1313.63,1315.31,1310.1,,06/01/20
1311.26,1310.09,1311.26,1294.59,,05/29/20
1313.54,1311.3,1321.86,1306.55,,05/28/20
1302.14,1313.54,1316.27,1300.94,,05/27/20
1275.52,1302.22,1302.52,1275.52,,05/26/20
1271.56,1275.48,1281.43,1271.56,,05/25/20
1288.95,1271.32,1288.95,1270.69,,05/22/20
1280.62,1288.94,1293.28,1278.86,,05/21/20
1277.53,1280.58,1282.06,1271.21,,05/20/20
1270.74,1277.65,1285.73,1270.47,,05/19/20
1245.93,1270.75,1271.2,1245.93,,05/18/20
1251.95,1245.92,1259.9,1245.86,,05/15/20
1255.29,1251.9,1257.73,1241.5,,05/14/20
1271.19,1255.28,1271.19,1255.28,,05/13/20
1259.37,1271.17,1272.6,1255.97,,05/12/20
1261.4,1259.35,1278.28,1257.42,,05/11/20
1248.77,1261.45,1267.58,1244.55,,05/08/20
1251.49,1248.74,1255.78,1244.87,,05/07/20
1254.68,1251.46,1261.26,1248.33,,05/06/20
1239.52,1254.67,1258.87,1239.52,,05/05/20
1262.09,1239.49,1262.09,1236.64,,05/04/20
1245.06,1262.13,1269.35,1245.06,,04/30/20
1221.01,1245.1,1245.9,1221.01,,04/29/20
1203.78,1221.05,1223.88,1202.53,,04/28/20
1195.36,1203.77,1209.1,1195.36,,04/27/20
1188.23,1195.4,1199.54,1183.26,,04/24/20
1180.16,1188.15,1189.79,1174.69,,04/23/20
1178.56,1180.19,1184.52,1175.15,,04/22/20
1206.94,1179.05,1206.94,1171.39,,04/21/20
1212.17,1207.02,1218.86,1202.57,,04/20/20
1191.27,1211.13,1212.4,1190.82,,04/17/20
1195.6,1191.18,1207.54,1190.32,,04/16/20
1224.61,1195.53,1224.61,1192.34,,04/15/20
1216.79,1224.56,1229.03,1216.79,,04/14/20
1185.44,1216.64,1217.08,1185.44,,04/09/20
1182.7,1185.43,1193.84,1172.77,,04/08/20
1150.36,1182.7,1213.66,1150.36,,04/07/20
1122.26,1150.35,1157.08,1122.26,,04/06/20
1129.99,1122.4,1131.06,1113.07,,04/03/20
1144.31,1130,1155.53,1124.12,,04/02/20
1165.18,1144.29,1165.18,1134.55,,04/01/20
1143.27,1165.11,1189.34,1143.01,,03/31/20
1147.67,1143.31,1147.67,1123.14,,03/30/20
1170.51,1147.68,1174.1,1147.19,,03/27/20
1158.52,1170.5,1175.15,1151.26,,03/26/20
1134.11,1158.51,1186.72,1134.11,,03/25/20
1088.95,1134.09,1146.98,1088.95,,03/24/20
1117.42,1088.92,1117.42,1079.08,,03/23/20
1087.59,1117.51,1140.91,1087.59,,03/20/20
1094.97,1087.79,1098.98,1074.26,,03/19/20
1142.37,1095.01,1142.37,1094.58,,03/18/20
1146.8,1142.38,1155.53,1114.4,,03/17/20
1207.65,1146.82,1208.06,1099.83,,03/16/20
1153.75,1208.07,1215.41,1147.41,,03/13/20
1303.8,1153.74,1303.8,1147.53,,03/12/20
1342.95,1303.89,1371.01,1294.08,,03/11/20
1325.12,1342.98,1367.48,1324,,03/10/20
1413.61,1325.57,1413.61,1316.01,,03/09/20
1446.07,1413.66,1446.07,1396.06,,03/06/20
1458.9,1446.07,1464.42,1441.83,,03/05/20
1448.21,1458.84,1467.11,1442.1,,03/04/20
1403.7,1448.2,1454.97,1401.19,,03/03/20
1372.02,1403.69,1410.79,1372.02,,03/02/20
1445.95,1372.09,1445.95,1370.29,,02/28/20
1461.73,1445.94,1464.53,1435.95,,02/27/20
1444.49,1461.72,1465.32,1416.36,,02/26/20
1482.96,1444.43,1490.26,1444.43,,02/25/20
1533.36,1482.92,1533.36,1478.9,,02/24/20
1536.61,1533.58,1542.4,1526.8,,02/21/20
1549.94,1536.6,1550.6,1535.44,,02/20/20
1542.17,1549.96,1551.74,1540.59,,02/19/20
1542.46,1542.18,1551.03,1531.82,,02/18/20
1534.14,1542.37,1549.64,1534.14,,02/17/20
1522.74,1534.16,1543.93,1522.74,,02/14/20
1518.37,1522.66,1528.83,1514.25,,02/13/20
1516.1,1518.28,1525.36,1514.89,,02/12/20
1510.45,1516.09,1518.74,1510.45,,02/11/20
1511.77,1510.43,1523.02,1510,,02/10/20
1508.92,1511.72,1512.13,1490.62,,02/07/20
1506.21,1508.81,1519.6,1503.78,,02/06/20
1496.39,1506.18,1511.23,1493.09,,02/05/20
1482.39,1496.35,1497.77,1482.39,,02/04/20
1481.28,1482.37,1488.98,1475.02,,02/03/20
1492.48,1481.34,1500.6,1481.24,,01/31/20
1477.4,1492.42,1493.69,1471.11,,01/30/20
1478.55,1477.36,1482.62,1475.24,,01/29/20
1487.43,1478.54,1489.83,1476.38,,01/28/20
1503.05,1487.33,1503.05,1483.19,,01/27/20
1508.56,1503,1513.92,1501.55,,01/24/20
1502.33,1508.54,1509.33,1494.26,,01/23/20
1492.28,1502.46,1504.34,1492.28,,01/22/20
1490.39,1492.28,1496.78,1478.4,,01/21/20
1480.67,1490.35,1491.13,1475.6,,01/20/20
1485.51,1480.66,1489.52,1472.57,,01/17/20
1507.9,1485.49,1510.94,1483.57,,01/16/20
1516.76,1507.86,1521.83,1505.34,,01/15/20
1520.89,1516.71,1527.05,1515.92,,01/14/20
1508.88,1520.81,1522.87,1505.18,,01/13/20
1501.01,1508.85,1514.43,1501.01,,01/10/20
1486.21,1501.02,1502.25,1486.21,,01/09/20
1472.45,1486.18,1486.26,1466.8,,01/08/20
1477.58,1472.49,1488.7,1470.51,,01/07/20
1505.31,1477.04,1505.54,1477.04,,01/06/20
1501.02,1505.4,1507.06,1493.05,,01/03/20
1494.35,1501.01,1503.4,1488.15,,01/02/20
1490.33,1494.27,1494.98,1485.43,,12/30/19
1489.74,1490.34,1492.18,1487.79,,12/27/19
1481.99,1489.67,1490.5,1481.65,,12/23/19
1498.36,1482.01,1500.77,1481.77,,12/20/19
1490.97,1498.36,1498.47,1485,,12/19/19
1483.27,1490.96,1491.3,1476.02,,12/18/19
1493.25,1483.25,1494.39,1477.13,,12/17/19
1491.46,1493.13,1496.9,1488.03,,12/16/19
1472.47,1492.82,1497.16,1471.7,,12/13/19
1450.35,1471.64,1474.85,1450.32,,12/12/19
1439.37,1449.53,1450.47,1432,,12/11/19
1442.97,1439.17,1448.39,1436.5,,12/10/19
1438.97,1443.74,1444.98,1430.94,,12/09/19
1441.06,1440.36,1441.17,1435.39,,12/06/19
1428.88,1441.01,1444.57,1427.11,,12/05/19
1404.66,1428.51,1429.88,1400.94,,12/04/19
1408.87,1403.84,1409.43,1399.41,,12/03/19
1396.24,1407.82,1409.52,1395.6,,12/02/19
1397.78,1396.91,1403.13,1391.64,,11/29/19
1392.95,1397.33,1399.83,1386.24,,11/28/19
1404.19,1393.02,1406.3,1391.48,,11/27/19
1408.39,1403.29,1408.39,1397.2,,11/26/19
1411.81,1409.96,1412.55,1406.83,,11/25/19
1400.49,1412.47,1413.62,1398.65,,11/22/19
1395.72,1402.98,1402.98,1390.32,,11/21/19
1391.84,1396.35,1396.82,1385.35,,11/20/19
1389.33,1390.22,1397.16,1387.15,,11/19/19
1380.93,1389.63,1391.03,1378.98,,11/18/19
1370.74,1381.09,1381.56,1365.98,,11/15/19
1372.08,1372.1,1373.58,1365.39,,11/14/19
1365.83,1370.65,1371.06,1359.82,,11/13/19
1357.3,1367.27,1369.14,1355.69,,11/12/19
1360.08,1357.46,1363.41,1353.29,,11/11/19
1366.79,1360.77,1371.56,1355.29,,11/08/19
1365.31,1366.5,1369.5,1362.19,,11/07/19
1363.04,1365.32,1367.35,1360.45,,11/06/19
1360.23,1364.4,1365.94,1357.84,,11/05/19
1348.64,1359.83,1360.72,1348.63,,11/04/19
1347.42,1348.45,1348.7,1347.18,,11/01/19
1356.43,1347.56,1358.92,1342.44,,10/31/19
1351.89,1356.45,1357.71,1350.04,,10/30/19
1348.2,1352.91,1354.73,1346.73,,10/29/19
1347.41,1348.02,1351.31,1344.88,,10/28/19
1357.11,1348.4,1357.17,1345.8,,10/25/19
1343.01,1356.82,1357.67,1341.24,,10/24/19
1343.27,1343.31,1344.03,1339.74,,10/23/19
1330.85,1344.21,1344.26,1330.72,,10/22/19
1318.72,1330.88,1331.19,1318.71,,10/21/19
1315.6,1318.98,1319.01,1310.33,,10/18/19
1305.67,1316.35,1316.35,1303.98,,10/17/19
1304.03,1304.68,1308.97,1298.99,,10/16/19
1303.16,1304.29,1306.06,1294.99,,10/15/19
1290.13,1303.18,1303.18,1284.91,,10/14/19
1276.29,1291.37,1291.68,1276.29,,10/11/19
1269.64,1275.28,1275.93,1267.32,,10/10/19
1269.82,1269.29,1274.48,1264.35,,10/09/19
1270.07,1270.04,1271.34,1264.47,,10/08/19
1270.12,1269.64,1272.15,1266.91,,10/07/19
1266.29,1270.51,1271.84,1266.29,,10/04/19
1258.07,1265.51,1268.79,1257.45,,10/03/19
1267.03,1256.85,1267.42,1256.73,,10/02/19
1273.13,1267.33,1278.29,1266.79,,10/01/19
1278.39,1273.62,1280.56,1270.63,,09/30/19
1270.39,1278.78,1279.13,1268.85,,09/27/19
1267.91,1271.07,1273.35,1267.18,,09/26/19
1276.88,1267.56,1276.89,1263.64,,09/25/19
1269.2,1276.57,1277.91,1266.87,,09/24/19
1276.58,1268.73,1278.72,1266.63,,09/23/19
1278.21,1275.75,1281.71,1273.3,,09/20/19
1283.76,1277.31,1283.9,1273.76,,09/19/19
1274.78,1283.85,1283.92,1272.19,,09/18/19
1278.27,1274.78,1278.29,1266.99,,09/17/19
1271.13,1279.23,1280.74,1267.52,,09/16/19
1265.1,1272.42,1273.23,1260.52,,09/13/19
1267.53,1265.45,1272.3,1263.6,,09/12/19
1261.63,1264.93,1266.27,1260.22,,09/11/19
1270.71,1260.88,1272.28,1258.83,,09/10/19
1274,1271.82,1275.92,1268.91,,09/09/19
1272.96,1273.44,1274.17,1267.6,,09/06/19
1269.39,1272.22,1274.42,1263.57,,09/05/19
1262.36,1269.58,1272.39,1261.88,,09/04/19
1269.53,1260.82,1270.27,1252.66,,09/03/19
1268.49,1270.27,1273.17,1267.77,,09/02/19
1256.59,1268.27,1269.88,1256.56,,08/30/19
1243.31,1256.81,1260.37,1242.65,,08/29/19
1252.33,1243.41,1253,1243.41,,08/28/19
1266.85,1252.45,1267.1,1251.24,,08/27/19
1268.05,1266.54,1268.08,1259.25,,08/26/19
1269.43,1268.56,1274.94,1262.48,,08/23/19
1273.44,1269.49,1277.02,1267.34,,08/22/19
1278.51,1273.5,1282.04,1272.39,,08/21/19
1275.95,1277.26,1280.94,1274.7,,08/20/19
1275.41,1275.77,1281.21,1274.66,,08/19/19
1284.06,1274.59,1289.51,1274.58,,08/16/19
1285.3,1284.19,1286.85,1279.15,,08/15/19
1300.03,1284.67,1301.3,1283.33,,08/14/19
1302.28,1300.15,1305.51,1291.16,,08/13/19
1302.18,1302.57,1308.11,1300.76,,08/12/19
1298.91,1301.78,1310.64,1298.91,,08/09/19
1297.65,1298.47,1303.62,1297.62,,08/08/19
1292.72,1297.16,1301.96,1291.49,,08/07/19
1291.85,1293.23,1303.31,1290.57,,08/06/19
1299.87,1291.64,1299.92,1291.01,,08/05/19
1301.39,1300.65,1304.77,1296.03,,08/02/19
1311.22,1301.47,1312.98,1298.37,,08/01/19
1313.65,1312.83,1315.83,1308.77,,07/31/19
1311.47,1313.77,1317.35,1307.98,,07/30/19
1311.5,1311.6,1313.6,1307.84,,07/29/19
1312.47,1311.66,1315.19,1308.08,,07/26/19
1311.65,1313.48,1322.17,1308.94,,07/25/19
1311.74,1311.43,1318.24,1310.76,,07/24/19
1306.18,1311.35,1316.95,1306.18,,07/23/19
1318.92,1306.36,1320.62,1306.32,,07/22/19
1308.45,1318.92,1319.72,1307.6,,07/19/19
1302.36,1308.33,1309.12,1297.48,,07/18/19
1303.56,1301.93,1310.5,1300.74,,07/17/19
1314.26,1304.23,1318.3,1302.87,,07/16/19
1315.93,1313.76,1319.87,1313.73,,07/15/19
1320.17,1315.92,1323.92,1313.31,,07/12/19
1314.84,1319.9,1326.92,1314.06,,07/11/19
1310.67,1314.48,1319.62,1305.52,,07/10/19
1313.38,1311.18,1313.69,1305.71,,07/09/19
1319.12,1313.45,1321.64,1313.45,,07/08/19
1323.76,1319.24,1327.02,1316.54,,07/05/19
1322.22,1324.08,1325.19,1315.26,,07/04/19
1312.53,1322.03,1322.06,1310.47,,07/03/19
1309.27,1312.74,1312.8,1304.34,,07/02/19
1301.27,1309.29,1315.28,1301.26,,07/01/19
1295.03,1301.23,1302.18,1294.65,,06/28/19
1300.69,1295.14,1306.91,1293.41,,06/27/19
1309.59,1301.15,1311.79,1300.1,,06/26/19
1320.14,1309.88,1321.75,1308.28,,06/25/19
1319.48,1320.07,1322.39,1310.5,,06/24/19
1323.21,1319.2,1325.12,1318.24,,06/21/19
1323.1,1323.8,1326.81,1316.84,,06/20/19
1329.43,1321.98,1330.17,1319.63,,06/19/19
1309.84,1329,1329.81,1302.37,,06/18/19
1305.51,1309.43,1311.98,1301.27,,06/17/19
1300.88,1306.23,1309.68,1298.33,,06/14/19
1304.57,1300.86,1311.57,1300.67,,06/13/19
1318.97,1305.45,1322.97,1303.49,,06/12/19
1314.22,1319.09,1321.78,1307.96,,06/11/19
1317.01,1314.49,1317.04,1311.83,,06/10/19
1302.85,1316.93,1317.78,1301.18,,06/07/19
1283.51,1303.11,1308.25,1283.4,,06/06/19
1284.54,1284.43,1286.98,1279.75,,06/05/19
1288.29,1284.51,1289.51,1283.57,,06/04/19
1283.99,1288.19,1289.8,1270.52,,06/03/19
1283.12,1283.91,1284.13,1274.81,,05/31/19
1280,1283.82,1286.88,1279.75,,05/30/19
1266.63,1278.99,1280.37,1265.29,,05/29/19
1268.94,1267.08,1276.02,1262.81,,05/28/19
1256.31,1268.55,1270.71,1255.93,,05/27/19
1263.84,1256.12,1267.34,1255.78,,05/24/19
1262.44,1262.36,1268.24,1258.23,,05/23/19
1250.61,1262.37,1264.7,1247.61,,05/22/19
1251.86,1250.48,1255.83,1247.33,,05/21/19
1266.79,1252.73,1266.83,1247.75,,05/20/19
1269.15,1266.49,1269.41,1261.27,,05/17/19
1272,1269.36,1280.88,1269.36,,05/16/19
1270.55,1271.24,1278.28,1268.47,,05/15/19
1291.19,1270.69,1294.04,1270.53,,05/14/19
1310.82,1291.74,1312.55,1290.82,,05/13/19
1319.04,1311.56,1326.45,1309.86,,05/10/19
1324.09,1318.72,1324.12,1314.58,,05/09/19
1317.68,1324.14,1325.49,1315.24,,05/08/19
1326.96,1317.57,1328.29,1315.3,,05/07/19
1330.34,1326.78,1330.73,1319.61,,05/06/19
1333.8,1330.54,1335.23,1329.95,,05/03/19
1336.63,1333.59,1337.83,1332.08,,05/02/19
1332.26,1337.95,1340.42,1332.26,,04/30/19
1349.91,1331.92,1350.73,1330.53,,04/29/19
1348.48,1350.23,1350.87,1343.67,,04/26/19
1354.55,1347.7,1356,1345.93,,04/25/19
1353.81,1354.99,1356.82,1348.62,,04/24/19
1350.48,1354.23,1354.74,1343.38,,04/23/19
1360.48,1351.56,1361.16,1348.19,,04/18/19
1351.82,1360.41,1360.63,1348.9,,04/17/19
1352.64,1351.35,1359.51,1348.74,,04/16/19
1350.95,1351.74,1356.55,1346.1,,04/15/19
1349.66,1350.42,1351.32,1344.8,,04/12/19
1336.16,1350.27,1350.38,1333.64,,04/11/19
1331.31,1335.5,1336.52,1330.3,,04/10/19
1330.09,1330.99,1334.12,1328.34,,04/09/19
1334.48,1329.67,1338.38,1327.02,,04/08/19
1336.82,1333.92,1341.49,1333.08,,04/05/19
1340.56,1336.89,1342.35,1334.72,,04/04/19
1336.07,1339.93,1342.37,1335.12,,04/03/19
1324.41,1334.16,1334.18,1322.42,,04/02/19
1324.05,1324.64,1331.7,1323.86,,04/01/19
1326.24,1321.83,1331.96,1320.86,,03/29/19
1323.68,1326.38,1331.81,1323.24,,03/28/19
1339.26,1322.96,1340.71,1322.1,,03/27/19
1344.38,1341.05,1352.06,1335.62,,03/26/19
1346.27,1345.01,1351.07,1337.23,,03/25/19
1347.8,1346.3,1354.6,1343.28,,03/22/19
1346.71,1347.01,1348.43,1341.06,,03/21/19
1348.64,1347.83,1350.87,1343.79,,03/20/19
1350.28,1348.46,1355.3,1348.19,,03/19/19
1326.64,1350.14,1350.97,1326.64,,03/18/19
1328.08,1326.64,1331.84,1326.2,,03/15/19
1324.3,1328.2,1331.1,1321.01,,03/14/19
1318.39,1324.75,1324.91,1316.42,,03/13/19
1320.4,1318.7,1324.59,1318.1,,03/12/19
1314.19,1319.97,1320.27,1313.17,,03/11/19
1312.45,1314.1,1318.67,1307.73,,03/08/19
1323.44,1313.1,1328.16,1312.28,,03/07/19
1316.78,1323.29,1323.43,1316.23,,03/06/19
1313.06,1316.73,1321.04,1310.77,,03/05/19
1306.49,1312.28,1313.41,1305.09,,03/04/19
1310.16,1307.52,1312.03,1302.47,,03/01/19
1310.08,1310.07,1312.71,1305.85,,02/28/19
1318.3,1310.41,1318.42,1305.24,,02/27/19
1321.59,1318.34,1321.67,1313.47,,02/26/19
1320.44,1321.72,1323.76,1317.32,,02/25/19
1315.62,1318.99,1320.4,1312.76,,02/22/19
1308.24,1315.29,1315.43,1303.7,,02/21/19
1312.51,1308.71,1312.87,1302.92,,02/20/19
1310.53,1311.53,1312.21,1300.72,,02/19/19
1300.2,1310.89,1311.77,1300.2,,02/18/19
1286.95,1299.53,1300.38,1284.5,,02/15/19
1292.82,1285.35,1296.77,1284.72,,02/14/19
1307.98,1293.16,1310.47,1292,,02/13/19
1294.25,1306.87,1308.43,1294.25,,02/12/19
1293.56,1292.46,1297.87,1290.67,,02/11/19
1297.55,1293.52,1297.67,1289.87,,02/08/19
1308.11,1296.78,1308.5,1293.53,,02/07/19
1308.64,1309.36,1313.36,1305.54,,02/06/19
1313.9,1309.95,1316.45,1305.89,,02/05/19
1320.39,1312.75,1320.67,1311.55,,02/04/19
1317.23,1320.4,1324.6,1311.43,,02/01/19
1319.09,1316.56,1328.75,1316.48,,01/31/19
1322.43,1317.07,1323.41,1314.6,,01/30/19
1325.57,1322.25,1328.85,1319.31,,01/29/19
1317.16,1325.68,1326.31,1314.36,,01/28/19
1311.4,1317.55,1318.73,1309.15,,01/25/19
1311.96,1311.47,1313.56,1306.83,,01/24/19
1315.46,1311.99,1318.18,1309.08,,01/23/19
1320.94,1315.22,1324.57,1313.37,,01/22/19
1333.84,1321.29,1333.84,1317.98,,01/21/19
1322.39,1334.13,1334.34,1321.41,,01/18/19
1305.3,1322.79,1322.79,1303.81,,01/17/19
1289.44,1306.07,1306.24,1287.29,,01/16/19
1286.98,1290.59,1291.36,1284.49,,01/15/19
1288.93,1287.15,1288.93,1279.71,,01/14/19
1287.25,1288.51,1288.91,1281.4,,01/11/19
1288.03,1287.22,1288.94,1280.62,,01/10/19
1281.57,1288.37,1289.92,1280.89,,01/09/19
1284.94,1281.2,1284.96,1277.27,,01/08/19
1281.64,1285.18,1287.03,1273.21,,01/07/19
1267.57,1281.34,1281.53,1267.32,,01/04/19
1265.28,1266.84,1270.6,1260.75,,01/03/19
1251.69,1265.8,1267.51,1246.89,,01/02/19
